﻿{
   "CodeGenerationMode": 3,
   "ContextClassName": "ZealandBookingDbContext",
   "ContextNamespace": null,
   "FilterSchemas": false,
   "IncludeConnectionString": false,
   "ModelNamespace": null,
   "OutputContextPath": null,
   "OutputPath": "Models",
   "PreserveCasingWithRegex": true,
   "ProjectRootNamespace": "ZealandBooking",
   "Schemas": null,
   "SelectedHandlebarsLanguage": 2,
   "SelectedToBeGenerated": 0,
   "T4TemplatePath": null,
   "Tables": [
      {
         "Name": "[dbo].[Administrator]",
         "ObjectType": 0
      },
      {
         "Name": "[dbo].[Booking]",
         "ObjectType": 0
      },
      {
         "Name": "[dbo].[Bruger]",
         "ObjectType": 0
      },
      {
         "Name": "[dbo].[Gruppe]",
         "ObjectType": 0
      },
      {
         "Name": "[dbo].[Lokale]",
         "ObjectType": 0
      },
      {
         "Name": "[dbo].[Studerende]",
         "ObjectType": 0
      },
      {
         "Name": "[dbo].[Underviser]",
         "ObjectType": 0
      }
   ],
   "UiHint": null,
   "UncountableWords": null,
   "UseAsyncStoredProcedureCalls": true,
   "UseBoolPropertiesWithoutDefaultSql": false,
   "UseDatabaseNames": false,
   "UseDateOnlyTimeOnly": false,
   "UseDbContextSplitting": false,
   "UseDecimalDataAnnotationForSprocResult": true,
   "UseFluentApiOnly": false,
   "UseHandleBars": false,
   "UseHierarchyId": false,
   "UseInflector": true,
   "UseLegacyPluralizer": false,
   "UseManyToManyEntity": false,
   "UseNoDefaultConstructor": false,
   "UseNoNavigations": false,
   "UseNoObjectFilter": false,
   "UseNodaTime": false,
   "UseNullableReferences": false,
   "UsePrefixNavigationNaming": false,
   "UseSchemaFolders": false,
   "UseSchemaNamespaces": false,
   "UseSpatial": false,
   "UseT4": false
}